rfm_segment,avg_sales_per_order
Can't Lose Them,429.3210720423001
Champions,281.52629861529203
Loyal Customers,273.87132364661886
Hibernating,133.76918612926184
Needs Attention,107.90176816239315
Potential Loyalists,96.19333658277208
Recent Users,70.72512243174782
Lost,55.83914918490615
About to Sleep,54.55124635375232
Promising,39.70742524916943
Price Sensitive,39.51070677097383
