avg_pct_sales_7d,avg_pct_sales_30d,avg_ltv
9.37964298027943,24.75879625951153,112.54843071786313
