segment,unique_products_2020,pct_increase
Desktop,7,214.28571428571428
Networking,6,50.0
Accessories,69,49.275362318840585
Storage,12,41.66666666666667
Peripherals,59,27.11864406779661
Notebook,92,17.391304347826086
