month,total_max_avg_balance
2020-02,290091.1666666667
2020-03,337746.36666666664
2020-04,316177.56666666665
