player_id,player_name,avg_runs_per_match
162,CH Gayle,52.357142857142854
158,KP Pietersen,38.125
42,S Dhawan,37.93333333333333
10,CL White,36.84615384615385
32,SR Watson,36.42857142857143
