pcf_violation_category,share_2021,share_2011,percentage_point_decrease
speeding,31.885182311869663,31.331528427270488,-0.553653884599175
