rank,country_name,avg_batting_average
1,England,16.709258337481334
2,West Indies,16.226944965637966
3,Netherlands,15.523809523809524
4,Australia,14.87828169193197
5,South Africa,14.481648545887996
