rating,avg_total_amount,avg_subsequent_rentals
G,110.65990384615385,25.298076923076923
NC-17,111.941452991453,25.358974358974358
PG,112.67066037735849,26.264150943396228
PG-13,115.23639455782313,26.38095238095238
R,111.42312000000001,25.48
