category,min_minutes,max_minutes,total_revenue
Long,47.72618333333333,88.11588333333333,41.79
Medium,3.28925,47.0861,1817.55
Short,0.01785,3.2888,469.26
