avg_first_round,avg_last_round
6.771428571428571,7.123809523809523
