division,avg_quantity_sold
N & S,397699.3333333333
P & A,244691.0
PC,10045.666666666666
