prod_id,prod_name,total_sales,sales_q4_2019,sales_q4_2020,share_q4_2019,share_q4_2020,pct_point_change
130,Pro Maple Youth Bat,57453.18,20576.27,36876.91,3.5097654753151297,2.5552768706100455,0.9544886047050842
