groupname,customer_count,percentage
High,12,14.814814814814815
Low,20,24.691358024691358
Medium,36,44.44444444444444
Very High,13,16.049382716049383
